Supabase,https://affiliate.example.com/supabase,Firebase,https://affiliate.example.com/firebase,Backend & Database
Linear,https://affiliate.example.com/linear,Jira,https://affiliate.example.com/jira,Issue & Sprint Tracking
Webflow,https://affiliate.example.com/webflow,Framer,https://affiliate.example.com/framer,No-Code Web Design
Postman,https://affiliate.example.com/postman,Insomnia,https://affiliate.example.com/insomnia,API Testing & Client
Vercel,https://affiliate.example.com/vercel,Netlify,https://affiliate.example.com/netlify,Frontend Cloud & Hosting
Docker,https://affiliate.example.com/docker,Podman,https://affiliate.example.com/podman,Containerization
Tailwind CSS,https://affiliate.example.com/tailwindcss,Bootstrap,https://affiliate.example.com/bootstrap,CSS Frameworks
Datadog,https://affiliate.example.com/datadog,New Relic,https://affiliate.example.com/newrelic,Cloud Observability
Sentry,https://affiliate.example.com/sentry,LogRocket,https://affiliate.example.com/logrocket,Error Tracking & Monitoring
GitHub,https://affiliate.example.com/github,GitLab,https://affiliate.example.com/gitlab,DevOps & Code Hosting
Raycast,https://affiliate.example.com/raycast,Alfred,https://affiliate.example.com/alfred,Productivity Launchers
Cursor,https://affiliate.example.com/cursor,GitHub Copilot,https://affiliate.example.com/copilot,AI Code Editors
Prisma,https://affiliate.example.com/prisma,Drizzle ORM,https://affiliate.example.com/drizzle,TypeScript ORM
Redis,https://affiliate.example.com/redis,Memcached,https://affiliate.example.com/memcached,In-Memory Caching
Auth0,https://affiliate.example.com/auth0,Clerk,https://affiliate.example.com/clerk,Authentication & Identity
Stripe,https://affiliate.example.com/stripe,Paddle,https://affiliate.example.com/paddle,Payments & Merchant of Record
Ghost,https://affiliate.example.com/ghost,Substack,https://affiliate.example.com/substack,Publishing & Newsletters
Retool,https://affiliate.example.com/retool,Appsmith,https://affiliate.example.com/appsmith,Internal Tool Builders
Pinecone,https://affiliate.example.com/pinecone,Weaviate,https://affiliate.example.com/weaviate,Vector Databases
PostgreSQL,https://affiliate.example.com/postgresql,MongoDB,https://affiliate.example.com/mongodb,Database Architecture
SendGrid,https://affiliate.example.com/sendgrid,Resend,https://affiliate.example.com/resend,Transactional Email APIs
Loom,https://affiliate.example.com/loom,Vidyard,https://affiliate.example.com/vidyard,Asynchronous Video Messaging
Notion,https://affiliate.example.com/notion,Coda,https://affiliate.example.com/coda,Collaborative Docs & Workspaces
Zapier,https://affiliate.example.com/zapier,Make,https://affiliate.example.com/make,Workflow Automation
Snyk,https://affiliate.example.com/snyk,SonarQube,https://affiliate.example.com/sonarqube,Code Security & Vulnerability
